COMMODITY,VARIETY
Chili Red,Other
Betal Leaves,Other
Betal Leaves,Local
Masur Dal,Masur Dal
Beans,Other
Beans,Local
Turmeric,Bulb
Turmeric,Finger
Dry Chillies,Dry Chillies
Dry Chillies,Other
Sugar,Other
Copra,Copra
Turmeric (raw),Turmeric (raw)
Mahua,Other
Dry Chillies,Local
Sugar,Chini
Turmeric,Dry
Broomstick(Flower Broom),Other
Beans,Beans (Whole)
Dry Chillies,Red Top
Lime,Other
Tamarind Fruit,Non A/c Flower
Dry Chillies,Red
Lime,Lime
Plum,Plum
Dry Chillies,Red New
Ajwan,Other
Groundnut (Split),Other
Rose(Loose),Other
Dry Chillies,1st Sort
Turmeric,Other
Yam (Ratalu),Other
Field Pea,Field Pea
Turmeric (raw),Other
Dry Chillies,Guntur
Rose(Loose),Rose(Loose)
Tamarind Fruit,Non A/c Fine
Black pepper,Other
Cinamon(Dalchini),Cinamon(Dalchini)
Little gourd (Kundru),Other
Dry Chillies,White
Sponge gourd,Other
Jack Fruit,Other
Mahua,Mahua
Masur Dal,Kala Masoor New
Sugar,Fine
Maida Atta,Maida Atta
Wheat Atta,Wheat Atta
Masur Dal,Masoor Gola
Jute,TD-5
Yam (Ratalu),Yam (Ratalu)
Coca,Other
Chili Red,Red
Cocoa,Other
Amla(Nelli Kai),Other
Rubber,Other
Coffee,Other
Pepper ungarbled,Other
Cowpea (Lobia/Karamani),Cowpea (Whole)
Duster Beans,Other
Mango (Raw-Ripe),Other
Black pepper,Ungrabled
Black pepper,Garbled
Kabuli Chana(Chickpeas-White),Kabuli Chana(Chickpeas-white)
Copra,other
Coconut Oil,Other
Coconut Oil,Copra Oil
Little gourd (Kundru),Little gourd (Kundru)
Tapioca,Other
Tapioca,Tapioca
Green Avare (W),Other
Amla(Nelli Kai),Amla
Rubber,RSS-4
Cummin Seed(Jeera),Other
Chikoos(Sapota),Other
Field Pea,Other
Cardamoms,Other
Green Avare (W),Green Avare (W)
Elephant Yam (Suran),Other
Mango (Raw-Ripe),Mango - Raw-Ripe
Chikoos(Sapota),Sapota
Round gourd,Other
Paddy(Dhan)(Basmati),1121
Jasmine,Other
Elephant Yam (Suran),Elephant Yam (Suran)
Tamarind Fruit,Tamarind Fruit
Sugarcane,Other
Copra,Medium
Cowpea (Lobia/Karamani),Other
Cowpea (Lobia/Karamani),Cowpea (W-S)
Long Melon(Kakri),Other
Seetapal,Other
Dry Chillies,Desi
Turmeric,Local
Ox,Other
Hen,Other
Hen,Boiler/Firm(White)
Goat,Goat
Fish,Other
Fish,Rahu(Andhra)
Fish,Katla (Small)
Fish,Katla(Big)
Fish,Fish
Ox,Ox
Cow,Cow
Fish,Hilsa
Goat,Other
Tinda,Other
Chili Red,Dry Sup
Cow,Other
Wheat Atta,Other
Paddy(Dhan)(Basmati),Basumathi
Bran,Bran
Ground Nut Seed,Other
He Buffalo,Other
Fish,Bata Putti
Kabuli Chana(Chickpeas-White),Other
Tamarind Fruit,Other
Round gourd,Round gourd
Peas cod,Other
Karbuja(Musk Melon),Other
Tinda,Tinda
Kinnow,Kinnow
Kinnow,Other
Plum,Other
Methi(Leaves),Other
Karbuja(Musk Melon),Karbhuja
Cherry,Cherry
Methi(Leaves),Methi
Peas cod,Peas cod
Ber(Zizyphus/Borehannu),Other
Paddy(Dhan)(Basmati),Basmati 1509
Pear(Marasebu),Other
Apricot(Jardalu/Khumani),Other
Gram Raw(Chholia),Gram Raw(Chholia)
Long Melon(Kakri),Long Melon (Kakri)
Pear(Marasebu),Pears
Indian Colza(Sarson),Indian Colza(Sarson)
Squash(Chappal Kadoo),Other
Cherry,Other
Alsandikai,Other
Soanf,Other
Soanf,Soanf
Methi Seeds,Other
Methi Seeds,Methiseeds
Methi Seeds,Medium
Isabgul (Psyllium),Other
Isabgul (Psyllium),Isabgul (Psyllium)
Ajwan,Ajwan
Groundnut (Split),Groundnut(Split)
Tobacco,Other
Pegeon Pea (Arhar Fali),Pigeon Pea (Arhar Fali)
Pegeon Pea (Arhar Fali),Other
Ground Nut Seed,Ground Nut Seed
Cummin Seed(Jeera),Common
Cummin Seed(Jeera),Cummin Seed(Jeera)
Cummin Seed(Jeera),Medium
Cummin Seed(Jeera),Desi
Kartali (Kantola),Other
Kabuli Chana(Chickpeas-White),Kabul
Rajgir,Other
Sponge gourd,Sponge gourd
Surat Beans (Papadi),Other
Gram Raw(Chholia),Other
Cummin Seed(Jeera),Bold
Tobacco,Beedi
Dry Chillies,Bold 1
Kabuli Chana(Chickpeas-White),Kabul Small
Kabuli Chana(Chickpeas-White),Kabul  Extra bold
Surat Beans (Papadi),Surat Beans (Papadi)
Tamarind Fruit,With Seed 1Variety
Lotus Sticks,Other
Kabuli Chana(Chickpeas-White),White (whole)
Kartali (Kantola),Kartali (Kantola)
Methi Seeds,Best
Groundnut (Split),JL-24
Methi Seeds,Chalu
Alsandikai,Alsandikai
Dry Fodder,Dry Fodder
Indian Colza(Sarson),Other
Chennangi Dal,Other
Ber(Zizyphus/Borehannu),Ber(Zizyphus)
Dry Fodder,Other
Paddy(Dhan)(Basmati),Sugandha
Jack Fruit,Jack Fruit
Fish,Rahu(Local)
Bull,Bull
Hen,Local
Knool Khol,Knool Khol
Alasande Gram,Alasande Gram
Tamarind Seed,Tamarind Seed
She Buffalo,She Baffelo
Thondekai,Thondekai
Foxtail Millet(Navane),Navane Hybrid
Same/Savi,Same/Savi Local
Chennangi Dal,Chennangi Dal
Tender Coconut,Tender Coconut
Black pepper,Malabar
Dry Chillies,Kaddi
Chrysanthemum(Loose),Other
He Buffalo,He Baffelo
Avare Dal,Avare (Whole)
Neem Seed,Neem Seed
Dry Chillies,Dabbi
Dry Chillies,Byadgi
Mataki,Mataki (W)
Sajje,Sajje
Turmeric,Turmeric Stick
Copra,Ball
Turmeric,Turmeric
Dry Chillies,Mankattu
Copra,Small
Gurellu,Gurellu
She Goat,She Goat
Lint,Other
Foxtail Millet(Navane),Other
Suvarna Gadde,Suvarnagadde
Bunch Beans,Bunch Beans
Lint,Jaydhar
Ram,Ram
Marigold(Calcutta),Other
Black pepper,Office
White Pumpkin,White Pumpkin
Turmeric,Turmeric Round
Copra,Milling Copra
Lint,D.C.H.
Taramira,Other
Sugar,Shakkar
Taramira,Taramira
Dry Chillies,2nd Sort
Tamarind Seed,Other
Dry Chillies,Single Patti
Chili Red,Bold
Dry Chillies,Talu
Apricot(Jardalu/Khumani),Apricot(Jardalu/Khumani)
Cowpea (Lobia/Karamani),Jawari/Local
Ground Nut Oil,Ground Nut Oil
Tamarind Fruit,Chapathi
Ghee,Other
Beans,Hybrid
Dry Chillies,Dry
Paddy(Dhan)(Basmati),SuperFine(Basmati)
Sugarcane,Sugarcane
Tamarind Fruit,Seedless 1Variety
Butter,Other
Bamboo,Bamboo
Same/Savi,Other
Alasande Gram,Other
Jute,Other
Hippe Seed,Other
Bamboo,Other
Masur Dal,Other
Mataki,Other
Turmeric,Rajapuri
She Buffalo,Other
Neem Seed,Other
Sugar,Medium
Paddy(Dhan)(Basmati),Other
BOP,Other
Jarbara,Other
Lotus,Other
Lilly,Other
Hen,Boiler/Firm(White-Brown)
Fish,Malli(Small)
Fish,Pangass
Fish,Singhra(Small)
Fish,Soli
Anthorium,Anthorium
Raibel,Other
Fish,Sol
Fish,Zinga(Zambo-A)
Tube Rose(Single),Other
Rose(Local),Other
Fish,Black Dom
Fish,Surmai(Big)
Fish,Zinga(Zambo-B)
Fish,Zinga(Zambo-C)
Patti Calcutta,Other
Fish,Blue Dom
Fish,Halwa
Fish,Singhra(Big)
Fish,Surmali(Small)
Fish,Malli(Big)
Fish,White Dom
Fish,Chilwa
Groundnut (Split),Local
Tobacco,Chewing
Tobacco,Verginia
Ghee,Ghee
White Pumpkin,Other
Khoya,Danedar
Lukad,Lukad
Almond(Badam),Almond(Badam)
Field Pea,PG-3
Chennangi (Whole),Chennangi (W)
Sunhemp,Other
Knool Khol,Other
Guar,Gwar
Guar,Other
Apple,Other
Apple,Apple
Apple,American
Apple,Kasmir/Shimla - II
Apple,Delicious
Apple,Royal Mishri
Apple,Golden
Apple,Simla
Apple,Royal Delicious
Apple,Kullu Royal Delicious
Apple,French
Apple,Maharaji
Apple,Hajratbali
Apple,Condition
Apple,Rizakwadi
Maize,Local
Maize,Other
Maize,Deshi Red
Maize,Hybrid Yellow (Cattle Feed)
Maize,Medium
Maize,Hybrid/Local
Maize,Hybrid
Maize,White (SAFED)
Maize,Yellow
Maize,Red
Maize,Deshi White
Maize,Hybrid Red (Cattle Feed)
Maize,White Local
Maize,Gajjar
Maize,Sweet Corn (For Biscuits)
Maize,Popcorn
Maize,Fine
Maize,H.Y.V.(White)
Maize,Jawari
Mango,Other
Mango,Badami
Mango,Safeda
Mango,Chausa
Mango,Dusheri
Mango,Totapuri
Mango,Hapus(Alphaso)
Mango,Keshar
Mango,Raspuri
Mango,Langra
Mango,Neelam
Mango,Surkha
Mango,Fazli
Onion,Local
Onion,Other
Onion,Onion
Onion,1st Sort
Onion,Nasik
Onion,Red
Onion,Small
Onion,Big
Onion,Bombay (U.P.)
Onion,Medium
Onion,White
Onion,Telagi
Onion,Pusa-Red
Onion,Puna
Onion,Bellary
Onion,Pole
Onion,2nd Sort
Onion,Hybrid
Onion,Beelary-Red
Onion,Dry F.A.Q.
Wheat,White
Wheat,Medium Fine
Wheat,Medium
Wheat,Deshi
Wheat,Other
Wheat,Coarse
Wheat,147 Average
Wheat,Chandausi
Wheat,Bansi
Wheat,Rajasthan Tukdi
Wheat,PISSI
Wheat,Kalyan
Wheat,Lok-1
Wheat,Local
Wheat,Lokwan
Wheat,Sechor No. 1
Wheat,Sharbati
Wheat,Lokwan Gujrat
Wheat,2189 No. 2
Wheat,Milbar
Wheat,Sonalika
Wheat,Hybrid
Wheat,2189 No. 1
Wheat,MP Lokwan
Wheat,Lok -1 (Nilami Rate)
Wheat,Red
Wheat,Sona
Wheat,H.D.
Wheat,Super Fine
Wheat,Jawari
Wheat,Mexican
Wheat,Dara
Wheat,1482
Wheat,147 Best
Wheat,Dara Mill Quality
Wheat,343
Wheat,Farmi
Wheat,Maharashtra 2189
Wheat,MP Sharbati
Wheat,Lokwan MP No. 1
Wheat,Mill Quality
Wheat,WH-542
Wheat,MP(Desi)
Banana,Other
Banana,Banana - Ripe
Banana,Chakkarakeli(White)
Banana,Robusta
Banana,Red Banana
Banana,Rasa Bale
Banana,Nendra Bale
Banana,Palayamthodan
Banana,Poovan
Banana,Rasakathai
Banana,Medium
Banana,Karpura
Banana,Amruthapani
Banana,Champa
Banana,Elakki Bale
Banana,Pachha Bale
Banana,Khandesh
Banana,Harichal
Banana,Desi(Bontha)
Banana,Besrai
Carrot,Other
Carrot,Carrot
Carrot,Pusakesar
Papaya,Papaya
Papaya,Other
Brinjal,Other
Brinjal,Brinjal
Brinjal,Arkasheela Mattigulla
Brinjal,Round/Long
Brinjal,Round
Cabbage,Cabbage
Cabbage,Other
Coconut,Coconut
Coconut,Medium
Coconut,Big
Coconut,Other
Coconut,Grade-I
Coconut,Grade-III
Coconut,Grade- II
Coconut,Imported
Mustard,Other
Mustard,Mustard
Mustard,Big 100 Kg
Mustard,Rai UP
Mustard,Sarson(Black)
Mustard,Lohi Black
Mustard,Yellow (Black)
Mustard,Laha(Sarsib)
Mustard,Small 100 Kg
Raddish,Other
Raddish,Raddish
Spinach,Other
Spinach,Spinach
Ashgourd,Other
Ashgourd,Ashgourd
Peas Wet,Peas Wet
Peas Wet,Other
Colacasia,Other
Colacasia,Colacasia
Groundnut,Local
Groundnut,Balli/Habbu
Groundnut,Other
Groundnut,Big (With Shell)
Groundnut,Groundnut seed
Groundnut,G20
Groundnut,Bold
Groundnut,JL-24
Groundnut,Bold Kernel
Groundnut,M-37
Groundnut,Gejje
Groundnut,Natte
Groundnut,Gungri (With Shell)
Groundnut,Hybrid
Groundnut,Shelled (Bunch)
Groundnut,DMV-7
Groundnut,TMV-2
Groundnut,F.A.Q
Peas(Dry),Other
Peas(Dry),Peas(Dry)
Pineapple,Other
Pineapple,Pine Apple
Amaranthus,Other
Amaranthus,Amaranthus
Snakeguard,Snakeguard
Snakeguard,Other
Ginger(Dry),Other
Ginger(Dry),Dry
Ginger(Dry),Fresh Unbleached
Ginger(Dry),Big/Thick
Ginger(Dry),Vegitable-fresh
Ginger(Dry),Fresh (Assam)
Ginger(Dry),Hybrid
Pomegranate,Other
Pomegranate,Pomogranate
Barley (Jau),Other
Barley (Jau),Deshi
Barley (Jau),Local
Barley (Jau),Dara
Barley (Jau),P1-426
Bitter gourd,Other
Bitter gourd,Bitter Gourd
Bottle gourd,Bottle Gourd
Bottle gourd,Other
Gur(Jaggery),NO 1
Gur(Jaggery),NO 2
Gur(Jaggery),NO 3
Gur(Jaggery),Other
Gur(Jaggery),Yellow
Gur(Jaggery),Red
Gur(Jaggery),Nizamabad
Gur(Jaggery),Mudde
Gur(Jaggery),Achhu
Gur(Jaggery),Unde
Gur(Jaggery),Kurikatu
Gur(Jaggery),Black
Gur(Jaggery),Pathari
Gur(Jaggery),Khandsari
Gur(Jaggery),Disara
Gur(Jaggery),Anakapalli
Jowar(Sorghum),Jowar ( White)
Jowar(Sorghum),Jowar (Yellow)
Jowar(Sorghum),Other
Jowar(Sorghum),Local
Jowar(Sorghum),Annigeri
Jowar(Sorghum),White
Jowar(Sorghum),Red
Jowar(Sorghum),Jowar Hybrid
Jowar(Sorghum),Hybrid
Jowar(Sorghum),Kesari
Jowar(Sorghum),Yellow
Corriander seed,Coriander Seed
Corriander seed,Other
Corriander seed,Medium Green
Corriander seed,Eagle
Corriander seed,Full Green
Corriander seed,"A-1, Green"
Corriander seed,Badami Steam
Cucumbar(Kheera),Other
Cucumbar(Kheera),Cucumbar
Ridgeguard(Tori),Ridgeguard(Tori)
Ridgeguard(Tori),Other
Coriander(Leaves),Other
Coriander(Leaves),Coriander
Coriander(Leaves),Local
Arhar Dal(Tur Dal),Arhar Dal(Tur)
Arhar Dal(Tur Dal),Other
Arhar Dal(Tur Dal),U.P. (Split)
Arhar Dal(Tur Dal),Ordinary (Split)
Mousambi(Sweet Lime),Mousambi
Mousambi(Sweet Lime),Other
Bhindi(Ladies Finger),Other
Bhindi(Ladies Finger),Bhindi
Lentil (Masur)(Whole),Other
Lentil (Masur)(Whole),Masur Dal
Lentil (Masur)(Whole),Masoor Gola
Lentil (Masur)(Whole),Kala Masoor New
Arecanut(Betelnut/Supari),Supari
Arecanut(Betelnut/Supari),Red
Arecanut(Betelnut/Supari),White
Arecanut(Betelnut/Supari),New Variety
Arecanut(Betelnut/Supari),Other
Arecanut(Betelnut/Supari),Raw
Arecanut(Betelnut/Supari),api
Arecanut(Betelnut/Supari),Ripe
Arecanut(Betelnut/Supari),Rashi
Arecanut(Betelnut/Supari),Kole
Arecanut(Betelnut/Supari),Bilegotu
Arecanut(Betelnut/Supari),Chali
Arecanut(Betelnut/Supari),Cqca
Arecanut(Betelnut/Supari),Tattibettee
Arecanut(Betelnut/Supari),Kempugotu
Arecanut(Betelnut/Supari),Sippegotu
Arecanut(Betelnut/Supari),Bette
Arecanut(Betelnut/Supari),Gorabalu
Arecanut(Betelnut/Supari),Saraku
Arecanut(Betelnut/Supari),Chippu
Arecanut(Betelnut/Supari),Factory
Arecanut(Betelnut/Supari),EDI
Arecanut(Betelnut/Supari),Pudi
Arecanut(Betelnut/Supari),Churu
Green Gram (Moong)(Whole),Medium
Green Gram (Moong)(Whole),Other
Green Gram (Moong)(Whole),Green (Whole)
Green Gram (Moong)(Whole),Green Gram Dhall-I
Green Gram (Moong)(Whole),Bold
Green Gram (Moong)(Whole),Ordinary (Split)
Green Gram (Moong)(Whole),Local
Green Gram (Moong)(Whole),Hybrid
Green Gram (Moong)(Whole),Ankola
Green Gram (Moong)(Whole),Local (Whole)
Green Gram (Moong)(Whole),Small (Split)
Green Gram (Moong)(Whole),Small
"Sesamum(Sesame,Gingelly,Til)",Sesame
"Sesamum(Sesame,Gingelly,Til)",Other
"Sesamum(Sesame,Gingelly,Til)",95/5
"Sesamum(Sesame,Gingelly,Til)",Black
"Sesamum(Sesame,Gingelly,Til)",White
"Sesamum(Sesame,Gingelly,Til)",Red
"Sesamum(Sesame,Gingelly,Til)",Gajjar
"Sesamum(Sesame,Gingelly,Til)",Whitish
Black Gram (Urd Beans)(Whole),Black Gram Dal
Black Gram (Urd Beans)(Whole),Other
Black Gram (Urd Beans)(Whole),Fine
Black Gram (Urd Beans)(Whole),Black Gram (Whole)
Black Gram (Urd Beans)(Whole),Desi
Black Gram (Urd Beans)(Whole),Local
Black Gram (Urd Beans)(Whole),Hybrid
Black Gram (Urd Beans)(Whole),Rajkot T-9
Black Gram (Urd Beans)(Whole),Medium
Black Gram (Urd Beans)(Whole),FQ(Burma)
Tender Coconut,Other
Rat Tail Radish (Mogari),Rat Tail Radish (Mogari)
Balekai,Other
Chow Chow,Chow Chow
Squash(Chappal Kadoo),Squash(Chappal Kadoo)
Banana,Chakkarakeli(Red)
Hippe Seed,Hippe Seed
Banana,Nauti Bale
Bay leaf (Tejpatta),Other
Marigold(loose),Other
Gur(Jaggery),Mattikari
Arecanut(Betelnut/Supari),Pylone
Haralekai,Heralekai
Brinjal,Kengeri
Mango,Dinga
Mango,Malgoa
Banana,Bhushavali(Pacha)
Lukad,Other
Brinjal,Irangeri
Chow Chow,Other
Apple,Red  Gold
Wheat,Kirthi
Jute,Jute
Marigold(loose),Marigold(Loose)
Black Gram (Urd Beans)(Whole),D. Horse Indoor
Green Avare (W),Avare (W)
Almond(Badam),Other
Groundnut,Seed
She Goat,Other
Jowar(Sorghum),H.B
Onion,Bangalore-Samall
Wheat,2329
Wheat,Kanak
Wheat,Superior
Avare Dal,Other
Jowar(Sorghum),Bijapur
